name,guests,host_name,conversation
luci,2,Lorenzo,"G: Ciao! Scusa il disturbo 🙂
G: Dove si accendono le luci?? Non riesco a trovarle 🙈
HD: Ma è possibile che tu non veda gli interruttori in ogni stanza??
H: Ciao! Le luci sono di fianco alla porta d'ingresso, sulla destra 😊"
checkin,3,Lorenzo,"G: Buongiorno! A che ora possiamo entrare?
G2: Siamo già arrivati in città 🚗
HD: Il check-in è alle 15, c'è scritto ovunque nell'annuncio...
H: Ciao! Il check-in è dalle 15:00, vi mando il codice porta appena pronto 🔑
G: Perfettissimo, grazie mille 🙏
+❤️"
wifi,2,Giulia,"G: Hi! Sorry to bother you 😅
G: What's the wifi password?
HD: It's literally printed on the router and in the welcome book...
H: Hi! The wifi name is CasaSole and the password is on the fridge 📶"
